text,label
better characters,1
a sturdiness and solidity that we 've long associated with washington,1
ill-wrought hypothesis,0
is a rambling examination of american gun culture that uses his usual modus operandi of crucifixion through juxtaposition .,0
do n't see often enough these days,1
in which the slack execution italicizes the absurdity of the premise,0
"the evocative imagery and gentle , lapping rhythms of this film are infectious -- it gets under our skin and draws us in long before the plot kicks into gear",1
too much exploitation,0
wanderers and a bronx tale,0
damn funny stuff,1
genuinely bone-chilling,1
"retread ,",0
"it 's a rather listless amble down the middle of the road , where the thematic ironies are too obvious and the sexual politics too smug .",0
has been awarded mythic status in contemporary culture,1
men in black ii achieves ultimate insignificance -- it 's the sci-fi comedy spectacle as whiffle-ball epic .,0
simple message,1
an ebullient tunisian film about the startling transformation of a tradition-bound widow who is drawn into the exotic world of belly dancing,1
chan 's uniqueness,1
nothing original,0
hopes to camouflage how bad his movie is .,0
sitting open too long,0
"cannon 's confidence and laid-back good spirits are , with the drumming routines , among the film 's saving graces .",1
a wild ride juiced with enough energy and excitement for at least three films .,1
"this is a movie that is what it is : a pleasant distraction , a friday night diversion , an excuse to eat popcorn .",1
in praise of love lacks even the most fragmented charms i have found in almost all of his previous works .,0
already thin story,0
look no further,1
"the three leads produce adequate performances , but",1
sting,0
93 minutes of unrecoverable life,0
"the film never recovers from the clumsy cliché of the ugly american abroad , and the too-frosty exterior ms. paltrow employs to authenticate her british persona is another liability .",0
"is hugely overwritten , with tons and tons of dialogue -- most of it given to children",0
that shoplifts shamelessly from farewell-to-innocence movies like the wanderers and a bronx tale without cribbing any of their intelligence,0
"some very good acting , dialogue ,",1
"no one can doubt the filmmakers ' motives , but the guys still feels counterproductive .",0
lost on the target audience,0
is a masterpiece .,1
"hard to imagine anyone managing to steal a movie not only from charismatic rising star jake gyllenhaal but also from accomplished oscar winners susan sarandon , dustin hoffman and holly hunter , yet newcomer ellen pompeo pulls off the feat with aplomb",1
would make it a great piece to watch with kids and use to introduce video as art .,1
as blasphemous and nonsensical as a luis buñuel film,0
extravagant,1
"stale ,",0
do n't bother,0
visually sloppy,0
"whether it 's the worst movie of 2002 , i ca n't say for sure : memories of rollerball have faded , and i skipped country bears",0
marred beyond redemption,0
none of which ever seem to hit,0
undone by howard 's self-conscious attempts,0
that movie nothing,0
overwhelmingly,1
is actually quite entertaining .,1
"a doctor 's office , emergency room , hospital bed or insurance company office",1
an inuit masterpiece,1
"it gives poor dana carvey nothing to do that is really funny , and then expects us to laugh because he acts so goofy all the time .",0
have not been this disappointed by a movie in a long time .,0
is painfully foolish in trying to hold onto what 's left of his passe ' chopsocky glory,0
lyne 's stolid remake,1
to films which will cause loads of irreparable damage that years and years of costly analysis could never fix,0
you 're never quite sure where self-promotion ends and the truth begins,0
becomes distasteful and downright creepy,0
prefer this new version,1
every scrap is of the darkest variety,1
a joy to watch and -- especially -- to listen to,1
endearing and,1
more than a movie,1
tendentious intervention,0
has a film 's title served such dire warning .,0
puzzle whose pieces do not fit,0
the movie is in a class by itself,1
to a moving tragedy with some buoyant human moments,1
our best achievements and other times,1
kicking undead ***,0
breezy blend,1
bean drops the ball too many times ... hoping the nifty premise will create enough interest to make up for an unfocused screenplay .,0
funny situations,1
"to sort the bad guys from the good , which is its essential problem",0
exist only for its climactic setpiece,0
rehashes,0
clever ways,1
the script by vincent r. nebrida ... tries to cram too many ingredients into one small pot .,0
style-free,0
"'s the type of film about growing up that we do n't see often enough these days : realistic , urgent",1
pick up new admirers,1
omitted nor a cliché left unsaid,0
of director john stockwell,1
the disjointed mess,0
all add up to a satisfying crime drama .,1
"drama ,",0
to the power of the eccentric and the strange,1
natural affability,1
"of an intensely lived time , filled with nervous energy , moral ambiguity and great uncertainties",1
"their super-powers , their super-simple animation",0
"no excuse for following up a delightful , well-crafted family film with a computer-generated cold fish",0
writing and slack direction,0
the shocking conclusion is too much of a plunge,0
in such odd plot,0
nazi,0
", austin powers in goldmember has some unnecessary parts and is kinda wrong in places .",0
simple misfire,0
", worse yet , nonexistent --",0
cinderella,1
"the movie 's presentation , which is way too stagy",0
lightweight but appealing,1
has found the perfect material with which to address his own world war ii experience in his signature style .,1
myopic,0
a bland animated sequel that hardly seems worth the effort .,0
unendurable viewing experience,0
cleverly constructed scenario,1
"a movie that , quite simply , should n't have been made .",0
"scenery , vibe and all --",1
silly rather than,0
terrifically entertaining specimen,1
if stupid americans will get a kick out of goofy brits with cute accents performing ages-old slapstick and unfunny tricks,0
"a more annoying , though",0
", ice age is consistently amusing and engrossing ...",1
"is all over the place , really .",0
"that both thrills the eye and , in its over-the-top way , touches the heart .",1
it is more than merely a holocaust movie,1
"style , structure and rhythms",1
it look like a masterpiece,1
"deliberately and devotedly constructed , far from heaven is too picture postcard perfect , too neat and new pin-like , too obviously a recreation to resonate .",1
find yourself rooting for gai 's character to avoid the fate that has befallen every other carmen before her,1
co-winner,1
gives his best screen performance with an oddly winning portrayal of one of life 's ultimate losers,1
's notably better acted -- and far less crass - than some other recent efforts in the burgeoning genre of films about black urban professionals,1
's hard to imagine that even very small children will be impressed by this tired retread,0
add up to more than body count,0
"both shrill and soporific , and because everything is repeated five or six times",0
the grade as tawdry trash,0
"by the movie 's presentation , which is way too stagy",0
"has none of the crackle of `` fatal attraction '' , `` 9 1/2 weeks '' , or even `` indecent proposal '' ,",0
"` dragonfly ' dwells on crossing-over mumbo jumbo , manipulative sentimentality , and sappy dialogue .",0
hop beat,1
distance it from the pack of paint-by-number romantic comedies,1
the film is doing something of a public service -- shedding light on a group of extremely talented musicians who might otherwise go unnoticed and underappreciated by music fans .,1
"if you go , pack your knitting needles .",0
loopy,0
is too pedestrian a filmmaker to bring any edge or personality to the rising place that would set it apart from other deep south stories,0
"a sensitive , modest comic tragedy",1
"its use of the thriller form to examine the labyrinthine ways in which people 's lives cross and change , buffeted by events seemingly out of their control",1
increasingly implausible as it,0
"a distinctly minor effort that will be seen to better advantage on cable , especially considering its barely feature-length running time of one hour .",0
the ways in which extravagant chance can distort our perspective and throw us off the path of good sense,0
"is a lot like a well-made pb & j sandwich : familiar , fairly uneventful and boasting no real surprises -- but still quite tasty and inviting all the same .",1
without bestowing the subject with the intelligence or sincerity it unequivocally deserves,0
"satisfyingly scarifying , fresh and old-fashioned at the same time .",1
steers refreshingly clear of the usual cliches,1
might just be better suited to a night in the living room than a night at the movies,0
"dramatic , funny and poignant",1
irreparable,0
of animation enthusiasts of all ages,1
does n't drag an audience down,1
to the tailor for some major alterations,0
's as if de palma spent an hour setting a fancy table and then served up kraft macaroni and cheese .,0
"a chance to learn , to grow , to travel",1
's betting her third feature will be something to behold,1
stupid americans,0
"the stale , standard , connect-the-dots storyline",0
"is fresh to say about growing up catholic or , really , anything",1
mindless pace,0
big bad love,1
cliched and contrived,0
unnecessary films,0
done his subject justice,1
", david caesar has stepped into the mainstream of filmmaking with an assurance worthy of international acclaim and with every cinematic tool well under his control -- driven by a natural sense for what works on screen .",1
fills the eyes,1
has n't much more to serve than silly fluff,0
"it 's possible that something hip and transgressive was being attempted here that stubbornly refused to gel ,",0
beautifully crafted and brutally honest,1
detention,0
tickled,1
"it 's up to ( watts ) to lend credibility to this strange scenario , and her presence succeeds in making us believe",1
inspiration,1
"entertaining , if ultimately minor ,",1
gently humorous,1
"fun and funny in the middle , though",1
"the most complex , generous and subversive artworks of the last decade",1
"familiar and predictable ,",0
what annoyed me most about god is great,0
dog,1
establishes its ominous mood and tension,1
gedeck,1
"with nary a glimmer of self-knowledge , ( crane ) becomes more specimen than character --",0
who loves both dance and cinema,1
shyamalan 's gifts,1
the mediocre end,0
"my big fat greek wedding is not only the best date movie of the year , it 's also a -- dare i say it twice -- delightfully charming -- and totally american , i might add -- slice of comedic bliss .",1
"to ask people to sit still for two hours and change watching such a character , especially when rendered in as flat and impassive a manner as phoenix 's",0
present an unflinching look,1
see over and over again,1
harvard man is something rare and riveting : a wild ride that relies on more than special effects .,1
"can just follow the same blueprint from hundreds of other films , sell it to the highest bidder and walk away without anyone truly knowing your identity .",0
like john le carré with a couple of burnt-out cylinders,0
a cellophane-pop remake of the punk,0
"that it 's offensive , but",0
by corrupt and hedonistic weasels,0
it does n't work .,0
is allegedly `` inspired '' was a lot funnier and more deftly enacted than what 's been cobbled together onscreen,0
other foul substances,0
insult the intelligence of everyone in the audience,0
's an 88-minute highlight reel that 's 86 minutes too long,0
"is n't a product of its cinematic predecessors so much as an mtv , sugar hysteria , and playstation cocktail .",0
"be captivated , as i was , by its moods , and by its subtly transformed star , and",1
rosenthal ( halloween ii ),0
break,0
in all the best possible ways,1
able to appreciate the wonderful cinematography and naturalistic acting,1
slumming,0
it makes me wonder if lawrence hates criticism so much that he refuses to evaluate his own work .,0
a party worth attending,1
its engaging simplicity,1
the comedy equivalent of saddam hussein,0
"violent , self-indulgent and maddening",0
a fun adventure movie for kids ( of all ages ) that like adventure,1
"is an exercise in chilling style , and twohy films the sub , inside and out , with an eye on preserving a sense of mystery",1
"the setting turns out to be more interesting than any of the character dramas , which never reach satisfying conclusions .",0
demonstrates just how far his storytelling skills have eroded .,0
drags the film down,0
on `` stupid,0
make it as much fun,1
"a woefully dull , redundant concept that bears more than a whiff of exploitation , despite iwai 's vaunted empathy .",0
as stick figures reading lines from a teleprompter,0
entertained by the unfolding of bielinsky 's,1
"( and literally ) tosses around sex toys and offers half-hearted paeans to empowerment that are repeatedly undercut by the brutality of the jokes , most at women 's expense .",0
ca n't even do that much,0
hilary,1
there 's ... an underlying old world sexism to monday morning that undercuts its charm,0
it 's touching and tender and proves that even in sorrow you can find humor .,1
warm in its loving yet unforgivingly inconsistent depiction of everyday people,1
"becomes just another voyeuristic spectacle , to be consumed and forgotten",0
go see this delightful comedy .,1
by a disastrous ending,0
makes,1
"little action ,",0
all mixed up together like a term paper from a kid who ca n't quite distinguish one sci-fi work from another,0
right at home,1
"after several scenes of this tacky nonsense , you 'll be wistful for the testosterone-charged wizardry of jerry bruckheimer productions , especially because half past dead is like the rock on a wal-mart budget .",0
"love , longing",1
smeary and blurry,0
"neither reaches into the deepest recesses of the character to unearth the quaking essence of passion , grief and fear",0
"despite the film 's bizarre developments , hoffman keeps us riveted with every painful nuance , unexpected flashes of dark comedy and the character 's gripping humanity .",1
"is more interesting than the screenplay , which lags badly in the middle and lurches between not-very-funny comedy , unconvincing dramatics and some last-minute action strongly reminiscent of run lola run",0
of loving,1
"hashiguchi covers this territory with wit and originality , suggesting that with his fourth feature -- the first to be released in the u.s. -- a major director is emerging in world cinema",1
"its rough-around-the-edges , low-budget constraints",0
"gets the details right , from its promenade of barely clad bodies in myrtle beach , s.c. , to the adrenaline jolt of a sudden lunch rush at the diner",1
having a hard time believing people were paid to make it,0
that the ` true story ' by which all the queen 's men is allegedly `` inspired '' was a lot funnier and more deftly enacted than what 's been cobbled together onscreen,0
directed but terminally cute drama .,1
"cheesy backdrops , ridiculous action sequences , and many tired jokes about men in heels",0
a total lack,0
feels as flat as the scruffy sands of its titular community .,0
no fantasy story,1
enhances the quality of neil burger 's impressive fake documentary .,1
that a movie can be as intelligent as this one is in every regard except its storyline,0
about the thousands of americans who die hideously,0
a talented director,1
most of the pitfalls you 'd expect in such a potentially sudsy set-up,0
that gets a quick release before real contenders arrive in september,0
life 's wonderment,1
"parents may even find that it goes by quickly , because it has some of the funniest jokes of any movie this year , including those intended for adults .",1
"hold dear about cinema , only now it 's begun to split up so that it can do even more damage",0
none of the visual wit of the previous pictures,0
the film is one of the year 's best .,1
the gifted pearce on hand,1
seem barely in the same movie,0
turturro is fabulously funny and over the top as a ` very sneaky ' butler who excels in the art of impossible disappearing/reappearing acts,1
"sandra bullock and hugh grant make a great team , but this predictable romantic comedy should get a pink slip .",0
a little weak,0
large-format,1
greatest musicians,1
"gooding is the energetic frontman , and",1
"who is always a joy to watch , even when her material is not first-rate )",1
just such a dungpile that you 'd swear you,0
of hollywood heart-string plucking,0
"though it goes further than both , anyone who has seen the hunger or cat people will find little new here ,",0
ca n't believe anyone would really buy this stuff .,0
'd grab your kids and run and then probably call the police,0
"is funny , not actually exploiting it yourself",1
"mostly , ( goldbacher ) just lets her complicated characters be unruly , confusing and , through it all , human .",1
friendly,1
is something of a triumph,1
deliberately and skillfully uses ambiguity to suggest possibilities which imbue the theme with added depth and resonance .,1
"deep intelligence and a warm , enveloping affection",1
to the otherwise bleak tale,0
"on toilet humor , ethnic slurs",0
a damn fine and a truly distinctive and a deeply pertinent film,0
off-beat and fanciful,1
though they are having so much fun,1
the bravery and dedication,1
relies on more than special effects,1
you thought was going to be really awful,0
reopens an interesting controversy and,1
does n't necessarily,0
a bloated plot,0
just is n't a very involving one,0
a fairly enjoyable mixture of longest yard ... and the 1999 guy ritchie caper lock stock and two smoking barrels .,1
delight,1
's not wallowing in hormonal melodrama,0
"a timely look back at civil disobedience , anti-war movements and the power of strong voices .",1
originality,1
as good,1
"; not the craven of ' a nightmare on elm street ' or ` the hills have eyes , '",0
is that its own action is n't very effective .,0
remarkably,1
amours,1
"most creative , energetic and original",1
"of a mixed bag , with enough negatives",0
also captures moments of spontaneous creativity and authentic co-operative interaction,1
"loud , brash and mainly unfunny",0
a play that only ever walked the delicate tightrope between farcical and loathsome,0
not since ghostbusters has a film used manhattan 's architecture in such a gloriously goofy way .,1
"in a way that 's too loud , too goofy and too short of an attention span",0
a plot cobbled together from largely flat and uncreative moments,0
swirling,1
is that it avoids the obvious with humor and lightness .,1
episodic choppiness,0
just as endearing and easy,1
last-minute,0
"highly entertaining , self-aggrandizing , politically motivated documentary-making",1
rescue adrian lyne 's unfaithful from its sleazy moralizing,0
scrutiny,0
... something appears to have been lost in the translation this time,0
certain sexiness,1
i have a confession to make : i did n't particularly like e.t. the first time i saw it as a young boy .,0
someone other than the director got into the editing room and tried to improve things by making the movie go faster,0
war,0
"its recycled aspects , implausibility , and",0
"works smoothly under the direction of spielberg , who does a convincing impersonation here of a director enjoying himself immensely .",1
endearing,1
a dazzling dream of a documentary .,1
a kiss,1
"the delicious trimmings ... arrive early and stay late , filling nearly every minute ... with a lighthearted glow , some impudent snickers , and a glorious dose of humankind 's liberating ability to triumph over a scrooge or two .",1
being cast in action films when none of them are ever any good,0
"the director , mark pellington , does a terrific job conjuring up a sinister , menacing atmosphere though unfortunately all the story gives us is flashing red lights , a rattling noise , and a bump on the head .",1
foul-mouthed,0
match the ordeal of sitting through it,0
's really so appealing about the characters,1
frightening late fees,0
can not overcome blah characters,0
bubbles up out of john c. walsh 's pipe dream is the distinct and very welcome sense of watching intelligent people making a movie,1
well-crafted film,1
betters it,1
"most complex , generous and subversive artworks",1
with the assassin is structured less as a documentary and more as a found relic,0
shoplifts shamelessly from farewell-to-innocence movies like the wanderers and a bronx tale without cribbing any of their intelligence,0
offering next to little insight,0
"yes , spirited away is a triumph of imagination , but it 's also a failure of storytelling .",0
"conduct in a low , smoky and inviting sizzle",1
intriguing and stylish,1
"terminally bland , painfully slow and",0
", the update is dreary and sluggish .",0
alone could force you to scratch a hole in your head .,0
if you appreciate the one-sided theme to lawrence 's over-indulgent tirade,0
in thick clouds of denial,0
certainly the performances are worthwhile .,1
has much to learn,0
"the empire strikes back ... a majestic achievement , an epic of astonishing grandeur and surprising emotional depth",1
slapdash disaster .,0
"in the film 's drumbeat about authenticity , given the stale plot and pornographic way the film revels in swank apartments , clothes and parties",1
that 's hardly any fun to watch,0
the first half of sorority boys,1
genuine and,1
"all the stomach-turning violence , colorful new york gang lore and other hallmarks of his personal cinema painted on their largest-ever historical canvas",1
"... is , also , frequently hilarious .",1
if you 're looking for something new and hoping for something entertaining,1
preserving,1
"it 's packed with adventure and a worthwhile environmental message , so",1
with its own cuteness,1
"to tell you how tedious , how resolutely unamusing , how thoroughly unrewarding all of this is , and what a reckless squandering of four fine acting talents",0
"high drama , disney-style - a wing and a prayer and a hunky has-been pursuing his castle in the sky .",1
"` synthetic ' is the best description of this well-meaning , beautifully produced film that sacrifices its promise for a high-powered star pedigree .",0
", godard can still be smarter than any 50 other filmmakers still at work .",1
it has made its way into your very bloodstream,1
organized,1
"nothing special and , until the final act ,",0
strong and unforced supporting cast,1
"creates a stunning , taxi driver-esque portrayal of a man teetering on the edge of sanity .",1
"who has reached puberty actually finding the characters in slackers or their antics amusing , let alone funny",0
dopey dialogue and sometimes inadequate performances,0
"dull , inconsistent , dishonest",0
bad behavior,0
been hoping for,1
bolstered by exceptional performances and a clear-eyed take on the economics of dealing and the pathology of ghetto fabulousness .,1
a mimetic approximation of better films,0
the mediterranean sparkles,1
inspiring or insightful,1
"as well-written as sexy beast , not as gloriously flippant as lock , stock and two smoking barrels , but stylish and moody and exceptionally well-acted .",1
"loose , unaccountable",0
limited by its short running time,0
"there 's not a spark of new inspiration in it , just more of the same , done with noticeably less energy and imagination .",0
played-out idea,0
"in other words , about as bad a film",0
", worse , that you have to pay if you want to see it",0
zings along with vibrance and warmth .,1
displays with somber earnestness in the new adaptation of the cherry orchard,1
notice the 129-minute running time,0
by bad writing,0
"is unfocused , while the story goes nowhere",0
julia roberts wannabe,0
the feeble examples,0
forcing us to endure every plot contrivance that the cliché-riddled genre can offer,0
shallow and immature character,0
has created a brilliant motion picture,1
breathe life into this somewhat tired premise,1
"you need n't be steeped in '50s sociology , pop culture or movie lore to appreciate the emotional depth of haynes ' work .",1
it might as well have been titled generic jennifer lopez romantic comedy,0
dull-witted and,0
offers a glimpse of the solomonic decision facing jewish parents in those turbulent times : to save their children and yet to lose them .,1
earns extra points,1
's refreshing to see a movie that embraces its old-fashioned themes and in the process comes out looking like something wholly original,1
"... plays like a badly edited , 91-minute trailer ( and ) the director ca n't seem to get a coherent rhythm going .",0
it 's the worst movie of 2002,0
the pay-off is negligible,0
poignant and wryly amusing film,1
bile,0
see how many times they can work the words `` radical '' or `` suck '' into a sentence,0
in the hands of a brutally honest individual like prophet jack,1
delectable,1
"heavy-handed symbolism , dime-store psychology and",0
at every faltering half-step of its development,0
"sarah 's dedication to finding her husband seems more psychotic than romantic ,",0
", pointless meditation on losers in a gone-to-seed hotel .",0
are remarkable .,1
's not original enough .,0
has this sneaky feel to it -- as if the director is trying to dupe the viewer into taking it all as very important simply because the movie is ugly to look at and not a hollywood product,0
fusty squareness,0
a passionately inquisitive film determined to uncover the truth and hopefully inspire action .,1
"a film really has to be exceptional to justify a three hour running time , and this is n't",0
would change the fact that what we have here is a load of clams left in the broiling sun for a good three days,0
joyous communal festival,1
it already has one strike against it .,0
"offers an aids subtext , skims over the realities of gay sex ,",0
"miller eloquently captures the moment when a woman 's life , out of a deep-seated , emotional need , is about to turn onto a different path .",1
thin -- then out -- when there 's nothing else happening,0
feeling embarrassed,0
hands-on storytelling,1
unpleasantly,0
this movie sucks . ',0
to the film 's considerable charm,1
"lathan and diggs carry the film with their charisma , and",1
hackneyed,0
of warmth and humor,1
"good action , good acting",1
a visual style that incorporates rotoscope animation for no apparent reason except,0
"the cleverest ,",1
"absolutely , inescapably gorgeous , skyscraper-trapeze motion of the amazing spider-man",1
"a film neither bitter nor sweet , neither romantic nor comedic , neither warm nor fuzzy",0
"of the most moronic screenplays of the year , full of holes that will be obvious even to those who are n't looking for them",0
i was beginning to hate it,0
too bad to be good and,0
"is we never really see her esther blossom as an actress , even though her talent is supposed to be growing .",0
the feel of poetic tragedy,0
much further than we imagine,1
try to avoid,0
that 's neither completely enlightening,0
their incessant whining,0
an intermittently good time,1
of a travesty of a transvestite comedy,0
comes off as a two-way time-switching myopic mystery that stalls in its lackluster gear of emotional blandness,0
"typical animé , with cheapo animation ( like saturday morning tv in the '60s ) , a complex sword-and-sorcery plot and characters who all have big round eyes and japanese names .",0
awkward,0
commander-in-chief,1
( lin chung 's ) voice is rather unexceptional,0
tantamount to insulting the intelligence of anyone who has n't been living under a rock,0
of breathtaking mystery,1
damned wonderful,1
burnt out on it 's a wonderful life marathons and bored with a christmas carol,0
whipping out the dirty words,0
of empathy for its characters,1
"a delightful little film that revels in its own simplicity , mostly martha will leave you with a smile on your face and a grumble in your stomach .",1
any sexual relationship that does n't hurt anyone and works for its participants is a relationship that is worthy of our respect,1
"of warmth , color and cringe",1
the charisma,1
"runs a good race , one that will have you at the edge of your seat for long stretches",1
"it has no affect on the kurds , but it wore me down .",0
's ) a clever thriller with enough unexpected twists to keep our interest .,1
cult,0
must have been lost in the translation,0
"this is a smart movie that knows its classical music , knows its freud and knows its sade .",1
long and unfocused,0
hugely enjoyable in its own right though not really faithful,1
too many,0
tattered,0
deserves a look,1
novels to the big screen,1
would take a complete moron to foul up a screen adaptation of oscar wilde 's classic satire,0
there 's no conversion effort,0
woozy,0
is an exercise not in biography but in hero worship .,1
neatly constructed thriller .,1
stupid and pointless,0
"to find an enthusiastic audience among american action-adventure buffs , but the film 's interests",0
toilet-humor codswallop,0
this masterfully calibrated psychological thriller thrives on its taut performances and creepy atmosphere even if the screenplay falls somewhat short .,1
too much norma rae,0
has made a decent ` intro ' documentary,1
film a must for everyone from junior scientists,1
should 've been so much more even if it was only made for teenage boys and wrestling fans,0
"yet , it still works .",1
leaves a bad taste in your mouth and questions,0
"sordid of human behavior on the screen ,",0
to one of demme 's good films,1
have been a painless time-killer,1
frustrates and,0
the christ allegory does n't work because there is no foundation for it,0
has merit and,1
the movie lacks in action,0
could have been crisper and punchier,0
") fondness for fancy split-screen , stuttering editing and pompous references to wittgenstein and kirkegaard",0
exceedingly rare,1
so incredibly inane,0
raimi and his team could n't have done any better in bringing the story of spider-man to the big screen .,1
the film itself -- as well its delightful cast -- is so breezy,1
jell into charm,1
stilted,0
take movies by storm,1
an aimlessness,0
the very hollowness,0
that does n't come close to the level of intelligence and visual splendor that can be seen in other films,0
a lot better,1
's still too burdened by the actor,0
"character portrait , romantic comedy and beat-the-clock thriller",1
far too sentimental,0
"helped give a spark to `` chasing amy '' and `` changing lanes '' falls flat as thinking man cia agent jack ryan in this summer 's new action film , `` the sum of all fears",0
"wimps out by going for that pg-13 rating , so the more graphic violence is mostly off-screen and the sexuality is muted .",0
is all over the place,0
jackass is a vulgar,0
"but in terms of its style , the movie is in a class by itself",1
characteristically startling visual style,1
a cute alien creature,1
came handed down from the movie gods on a silver platter,1
are frequently too dark to be decipherable,0
touching,1
bad idea,0
is a winning comedy that excites the imagination and tickles the funny bone .,1
deeply humanistic artist,1
acknowledges and celebrates the glorious chicanery and self-delusion of this most american of businesses,1
a powerful sequel and one of the best films of the year,1
"is no solace here , no entertainment value , merely a fierce lesson in where filmmaking can take us",0
's a hellish,0
full well,1
veers like a drunken driver,0
a james bond series for kids,1
sweet and,1
content to dog-paddle in the mediocre end of the pool,0
becomes instead a grating endurance test,0
about either the nature of women or,1
'' leaves us with the terrifying message that the real horror may be waiting for us at home,1
be wishing for a watch that makes time go faster rather than the other way around,0
"samira makhmalbaf as a very distinctive sensibility , working to develop her own film language with conspicuous success",1
does n't take itself so deadly seriously,1
"with zoe clarke-williams 's lackluster thriller `` new best friend '' , who needs enemies ?",0
this wo n't seem like such a bore,0
go-for-broke,1
( and better ),1
an 88-minute highlight reel,1
"it 's fun , but it 's a real howler .",1
there would be a toss-up between presiding over the end of cinema as we know it and another night of delightful hand shadows .,0
generates plot points,1
neglecting character development,0
woody allen can write and deliver a one liner as well as anybody .,1
"is thinking that we needed sweeping , dramatic , hollywood moments to keep us",0
kicks into gear,1
the dead ( water ) weight of the other,0
"priggish , lethargically paced parable of renewal .",0
bring new energy to the familiar topic of office politics .,1
a bit too much like an infomercial for ram dass 's latest book aimed at the boomer,0
independent or,1
they ca n't go wrong .,1
the film does n't manage to hit all of its marks,0
"the premise of `` abandon '' holds promise , ...",1
fights the good fight in vietnam in director randall wallace 's flag-waving war flick with a core of decency,1
the perfect movie many have made it out to be,1
"reign of fire is hardly the most original fantasy film ever made -- beyond road warrior , it owes enormous debts to aliens and every previous dragon drama -- but that barely makes it any less entertaining .",1
"if you saw benigni 's pinocchio at a public park , you 'd grab your kids and run and then probably call the police .",0
with poetic force and buoyant feeling,1
for people who take as many drugs as the film 's characters,0
a little too much resonance with real world events,0
from the dullest science fiction,0
it 's refreshing to see a romance this smart .,1
passion and energy,1
"it 's mildly interesting to ponder the peculiar american style of justice that plays out here , but",1
pandering,0
one of the more influential works of the ` korean new wave ',1
"first-class , natural acting",1
fessenden continues to do interesting work,1
an american ( and an america ) always reaching for something just outside his grasp,0
we want the funk - and this movie 's got it,1
"while this movie , by necessity , lacks fellowship 's heart",0
to the gallic ` tradition of quality,1
he gives none to the audience,0
one that is presented with great sympathy and intelligence,1
too stagey,0
drags out,0
"do all three quite well ,",1
ambitious films,1
"in a heartwarming , nonjudgmental kind of way",1
the young woman 's infirmity and her naive dreams,0
the `` soon-to-be-forgettable '' section of the quirky rip-off prison,0
... keep the movie slaloming through its hackneyed elements with enjoyable ease .,1
"a venturesome , beautifully realized psychological mood piece that reveals its first-time feature director 's understanding of the expressive power of the camera .",1
crowd pleaser,1
chilling and fascinating,1
a huge amount of the credit for the film 's thoroughly winning tone,1
"so we got ten little indians meets friday the 13th by way of clean and sober , filmed on the set of carpenter 's the thing and loaded with actors you 're most likely to find on the next inevitable incarnation of the love boat .",0
achieves near virtuosity in its crapulence,0
"cruel and inhuman cinematic punishment ... simultaneously degrades its characters , its stars and its audience .",0
jonathan parker 's bartleby should have been the be-all-end-all of the modern-office anomie films .,1
a filmmaking methodology that 's just experimental enough to alienate the mainstream audience while ringing cliched to hardened indie-heads,0
is n't going to jell,0
profound ethical and philosophical questions,1
smartly and,1
into sub-tarantino cuteness,1
"stupid , infantile , redundant , sloppy",0
often strains,0
unturned,0
what begins as a conventional thriller evolves into a gorgeously atmospheric meditation on life-changing chance encounters .,1
"go your emotions , taking them to surprising highs , sorrowful lows and hidden impulsive niches ... gorgeous , passionate , and at times uncommonly moving",1
at its best moments,1
play second fiddle to the dull effects that allow the suit to come to life,0
"an ugly , revolting movie .",0
a sub-formulaic slap,0
"still , this flick is fun , and host to some truly excellent sequences .",1
rarely have received such a sophisticated and unsentimental treatment on the big screen as they do in this marvelous film .,1
"you 'll forget about it by monday , though , and if they 're old enough to have developed some taste , so will your kids",0
small delights,1
teenagers fixating on its body humor and reinforcement of stereotypes,0
the pantheon of wreckage that includes battlefield earth and showgirls,0
", poorly structured",0
", accompanying the stunt-hungry dimwits in a random series of collected gags , pranks , pratfalls , dares , injuries , etc. .",0
never,0
that pollyana would reach for a barf bag .,0
dazzling thing to behold -- as long as you 're wearing the somewhat cumbersome 3d goggles the theater,1
combined with stunning animation .,1
play like the worst kind of hollywood heart-string plucking,0
it 's so devoid of joy and energy it makes even jason x ... look positively shakesperean by comparison .,0
's as hard to classify as it is hard to resist,1
sympathetic characters,1
without sham the raw-nerved story,1
that it 's too close to real life to make sense,0
director michael cacoyannis displays with somber earnestness in the new adaptation of the cherry orchard,1
a touching drama,1
"high crimes carries almost no organic intrigue as a government / marine/legal mystery , and",0
"does a good job of establishing a time and place , and of telling a fascinating character 's story",1
is a bit like getting all excited about a chocolate eclair and then biting into it and finding the filling missing,0
"phenomenal ,",1
experience that finds warmth in the coldest environment and makes each crumb of emotional comfort,1
a brutally dry satire of middle american numbness .,0
"forbidden love , racial tension , and other issues that are as valid today",1
"a pointed , often tender , examination of the pros and cons of unconditional love and familial duties .",1
the filmmakers found this a remarkable and novel concept,1
go over the top and movies that do n't care about being stupid,0
a no-surprise series of explosions and violence while banderas looks like he 's not trying to laugh at how bad,0
airs just about every cliche in the war movie compendium across its indulgent two-hour-and-fifteen-minute length,0
"cuba gooding jr. valiantly mugs his way through snow dogs , but even his boisterous energy fails to spark this leaden comedy",0
it gets to you .,1
"by an inconsistent , meandering , and sometimes dry plot",0
undeniable entertainment value,1
why this project was undertaken,0
"it is very difficult to care about the character , and that is the central flaw of the film",0
appealing veneer,1
too long and bogs down in a surfeit of characters and unnecessary,0
"flashy gadgets and whirling fight sequences may look cool , but they ca n't distract from the flawed support structure holding equilibrium up",0
one of the world 's most fascinating stories,1
putters along looking for astute observations and coming up blank,0
to admit that i am baffled by jason x.,0
a bloated plot that stretches the running time about 10 minutes,0
"light , silly , photographed with color and depth , and rather a good time .",1
"as rude and profane as ever , always hilarious and , most of the time , absolutely",1
"an energetic , violent movie",1
well acted by diane lane and richard gere .,1
"despite slick production values and director roger michell 's tick-tock pacing , the final effect is like having two guys yelling in your face for two hours .",0
becomes a bit of a mishmash,0
a summer,1
constant fits of laughter,1
takes care,1
be more timely in its despairing vision of corruption,0
his fake backdrops,0
helmer,1
"frankly , it 's pretty stupid .",0
"it 's nice to see piscopo again after all these years , and",1
non-stop funny feast,1
should bolster director and co-writer,1
very talented but underutilized,0
"'s plotless , shapeless",0
bottomlessly,0
busy urban comedy is clearly not zhang 's forte,0
takes to describe how bad it is,0
about in thick clouds of denial,0
hope and magic,1
more than recycled jock,0
quirky and satirical touches,1
rejigger fatal attraction into a high school setting,0
"it 's got the brawn , but not the brains .",0
the crisp clarity,1
a complete waste,0
they presume their audience wo n't sit still for a sociology lesson,0
"glows with enthusiasm , sensuality and a conniving wit",1
dopey dialogue and,0
a rare treat that shows the promise of digital filmmaking,1
surrealist flourishes,1
the banality and hypocrisy,0
"colorful , semimusical",1
imaginative as one might have hoped,1
"stylish but steady , and",1
imaginatively mixed cast,1
the needs of moviegoers for real characters and compelling plots,0
splashed with bloody beauty as vivid as any scorsese has ever given us .,1
style massacres erupt throughout,0
like a low-budget hybrid of scarface or carlito 's way,0
does n't reach them,0
a bit melodramatic and even a little dated,0
i loved the look of this film .,1
it must be the end of the world : the best film so far this year is a franchise sequel starring wesley snipes .,1
the best disney movie,1
biggest,1
psychopathic,0
"of the whole dead-undead genre , who deserve more from a vampire pic than a few shrieky special effects",0
complain,0
"by movie 's end , we accept the characters and the film , flaws and all",1
"an odd , haphazard , and inconsequential romantic comedy .",0
puts flimsy flicks like this behind bars,0
we 've liked klein 's other work but rollerball left us cold .,0
a feat any thinking person is bound to appreciate,1
are true to the essence of what it is to be ya-ya,1
quick-witted,1
sun-splashed whites,1
viscerally repellent,0
which very simply sets out to entertain and ends up delivering in good measure,1
", it 's clear that washington most certainly has a new career ahead of him",1
the origins,1
juvenile,0
the bad reviews,0
"of longing , lasting traces of charlotte 's web of desire and desperation",1
can out-bad-act the other,0
comatose ballerinas,0
the peak of all things insipid,0
of beautiful movement and inside information,1
butterflies that die,0
mishmash .,0
this loser,0
singularly off-putting romantic comedy .,0
"getting tired of the whole slo-mo , double-pistoled , ballistic-pyrotechnic hong kong action aesthetic",0
's also pretty funny,1
"skin of man gets a few cheap shocks from its kids-in-peril theatrics , but it also taps into the primal fears of young people trying to cope with the mysterious and brutal nature of adults",1
've had the misfortune to watch in quite some time .,0
have been better off staying on the festival circuit,0
"even then , i 'd recommend waiting for dvd and just skipping straight to her scenes .",0
deal with the subject of love head-on,1
gaunt,0
"it 's been 13 months and 295 preview screenings since i last walked out on a movie , but resident evil really earned my indignant , preemptive departure",0
"when cowering and begging at the feet a scruffy giannini , madonna gives her best performance since abel ferrara had her beaten to a pulp in his dangerous game .",1
sumptuous work,1
"for a smart , nuanced look at de sade and what might have happened at picpus",1
"comes off as a touching , transcendent love story .",1
earnestness,1
welcome to collinwood never catches fire .,0
a very good time at the cinema,1
"did no one on the set have a sense of humor , or did they not have the nerve to speak up",0
kong action,1
the most horrific movie experience,0
for the film 's winning tone,1
unleashes,1
", big-hearted and frequently",1
by its smallness,0
"heroes would be a film that is n't this painfully forced , false and fabricated",0
be as tiresome as 9 seconds of jesse helms ' anti- castro,0
not good,0
"a lot of talent is wasted in this crass , low-wattage endeavor .",0
muck,0
sensuality and a conniving wit,1
its cutesy reliance,1
"the cleverness ,",1
exhibits the shallow sensationalism characteristic of soap opera ... more salacious telenovela than serious drama,0
the wounds of the tortured and self-conscious material,0
strong dramatic and emotional pull,1
possibly the best actor,1
this could be a movie that ends up slapping its target audience in the face by shooting itself in the foot .,0
's icky,0
murderer,0
visually masterful,1
derivative,1
seedy clash,0
mess ...,0
"enigma is well-made , but it 's just too dry and too placid .",0
"is so different from the apple and so striking that it can only encourage us to see samira makhmalbaf as a very distinctive sensibility , working to develop her own film language with conspicuous success .",1
moments of hilarity to be had,1
"still , the updated dickensian sensibility of writer craig bartlett 's story is appealing .",1
treasured,1
wilco is a phenomenal band with such an engrossing story that will capture the minds and hearts of many .,1
outrageous or funny,1
from a riot-control projectile or my own tortured psyche,0
balances both traditional or modern stories together,1
this exciting new filmmaker has brought to the screen,1
hit on a 15-year old,0
but no-nonsense human beings they are and for the still-inestimable contribution they have made to our shared history,1
heartache everyone,0
the film ... presents classic moral-condundrum drama : what would you have done to survive ?,1
major-league,1
the only thing i laughed at,0
", overlong , and bombastic",0
an enjoyable 100 minutes,1
dull-witted and disquietingly,0
i found it weirdly appealing,1
for sick and demented humor simply,0
on the promise of excitement,1
b-movie you,0
gaping plot holes sink this ` sub ',0
over-dramatic at times,0
is repeated at least four times .,0
"an extraordinary film , not least",1
obvious as telling a country skunk,0
"rushed , slapdash",0
the history is fascinating,1
"manipulation ,",0
court maneuvers,1
very valuable film,1
especially disappointing,0
which becomes something about how lame it is to try and evade your responsibilities,0
it forces you to watch people doing unpleasant things to each other and themselves,1
's a brazenly misguided project,0
libido film,1
"the gifts of all involved , starting with spielberg and going right through the ranks of the players -- on-camera and off -- that he brings together .",1
good and different,1
its promising cast,1
with real world events,1
"a powerful , inflammatory film about religion that dares to question an ancient faith , and about hatred that offers no easy , comfortable resolution",1
too evident,0
plays out like a flimsy excuse to give blade fans another look at wesley snipes ' iconic hero doing battle with dozens of bad guys -- at once .,0
will need all the luck they can muster just figuring out who 's who in this pretentious mess,0
indoor drama,1
"blessed with a searing lead performance by ryan gosling ( murder by numbers ) , the movie is powerful and provocative .",1
slather clearasil over the blemishes of youth,0
omnibus tradition,1
who know nothing about the subject,0
"none of this is very original , and it is n't particularly funny .",0
just does n't make sense,0
buy this stuff,1
"a confident , richly acted , emotionally devastating piece of work and 2002 's first great film",1
"some of the visual flourishes are a little too obvious , but restrained and subtle storytelling , and fine performances make this delicate coming-of-age tale a treat .",1
's both sitcomishly predictable and cloying in its attempts to be poignant .,0
would be very sweet indeed,1
"style adventure that plays like a bad soap opera , with passable performances from everyone in the cast",0
salient points,1
"the children of varying ages in my audience never coughed , fidgeted or romped up and down the aisles for bathroom breaks",1
you hate to tear your eyes away from the images long enough to read the subtitles,1
a more fascinating look at the future than `` bladerunner '' and one of the most high-concept sci fi adventures attempted for the screen,1
"littered with zero-dimensional , unlikable characters and hackneyed , threadbare comic setups .",0
takes a hat-in-hand approach,1
"were as claustrophic , suffocating and chilly as the attics to which they were inevitably consigned",0
in the reassuring manner of a beautifully sung holiday carol,1
out ballsy and stylish,1
the greatest musicians,1
of oral storytelling frozen onto film,1
i must have failed,0
that never really busts out of its comfy little cell,0
visually graceful,1
're far better served by the source material,0
"aloof and lacks any real raw emotion , which is fatal for a film that relies on personal relationships .",0
klein,0
get out your pooper-scoopers .,0
"perry 's good and his is an interesting character ,",1
a feel-good fantasy,1
has all the enjoyable randomness of a very lively dream and so,1
"too loud , too goofy and too short",0
"fill the hot chick , the latest gimmick from this unimaginative comedian",0
is enough to give you brain strain,0
a mess .,0
dreary,0
has an odd purity that does n't bring you into the characters so much as it has you study them .,1
"captures , in luminous interviews and amazingly evocative film from three decades ago , the essence of the dogtown experience .",1
for something new,1
brainless flibbertigibbet,0
uncanny ability to right itself precisely when you think it 's in danger of going wrong,1
"has been written so well , that even a simple `` goddammit ! ''",1
"permitting its characters more than two obvious dimensions and repeatedly placing them in contrived , well-worn situations",0
that there is nothing in it to engage children emotionally,0
is as blasphemous and nonsensical as a luis buñuel film,0
"capable of charming the masses with star power , a pop-induced score and sentimental moments that have become a spielberg trademark",1
"it 's nice to see piscopo again after all these years , and chaykin and headly are priceless",1
is enjoyable family fare,1
( hopkins ) does n't so much phone in his performance as fax it .,0
of lame entertainment,0
unfilmable '' novels,0
is not a bad film .,1
described as sci-fi generic,0
in addition to being very funny,1
forgot to include anything even halfway scary as they poorly rejigger fatal attraction into a high school setting,0
"contains a few big laughs but many more that graze the funny bone or miss it altogether , in part because the consciously dumbed-down approach wears thin",0
a fake street drama that keeps telling you,0
slides downhill as soon as macho action conventions assert themselves,0
the crassness of this reactionary thriller,0
have no idea what in creation is going on,0
imponderably stilted and,0
while it evaporates like so much crypt mist in the brain,0
marked an emerging indian american cinema,1
is laughable in the solemnity with which it tries to pump life into overworked elements from eastwood 's dirty harry period .,0
"an unremittingly ugly movie to look at , listen to , and think about , it is quite possibly the sturdiest example yet of why the dv revolution has cheapened the artistry of making a film .",0
denzel washington 's fine performance,1
it wo n't hold up over the long haul,0
wretched,0
cross-dressing,0
it 's too long,0
"a hoot watching the rock chomp on jumbo ants , pull an arrow out of his back , and leap unscathed through raging fire",1
goes to absurd lengths,0
a valiant attempt to tell a story about the vietnam war before the pathology set in,1
"the story is lacking any real emotional impact , and the plot is both contrived and cliched",0
"uncompromising , difficult",0
might be distracted by the movie 's quick movements and,0
( a ) stale retread of the '53 original .,0
know what to make of this italian freakshow,0
captivatingly quirky hybrid,1
explosive physical energy and,1
most admirable quality,1
"a movie that is what it is : a pleasant distraction , a friday night diversion , an excuse to eat popcorn",1
ineffective,0
once again ego does n't always go hand in hand with talent,0
"white oleander may leave you rolling your eyes in the dark , but that does n't mean you wo n't like looking at it",1
"from charismatic rising star jake gyllenhaal but also from accomplished oscar winners susan sarandon , dustin hoffman and holly hunter , yet newcomer ellen pompeo pulls off the feat with aplomb",1
"muccino seems to be exploring the idea of why human beings long for what they do n't have , and how this gets us in trouble .",1
never come up with an adequate reason why we should pay money for what we can get on television for free,0
"who needs mind-bending drugs when they can see this , the final part of the ` qatsi ' trilogy , directed by godfrey reggio , with music by philip glass ?",1
that a decent draft in the auditorium might blow it off the screen,0
"some movies and artfully restrained in others , 65-year-old jack nicholson",1
", uncommonly sincere movie that portrays the frank humanity of ... emotional recovery",1
a striking new significance for anyone,1
"is a little scattered -- ditsy , even .",0
the stunt work is top-notch ; the dialogue and drama often food-spittingly funny .,1
as a well-made evocation,1
feel good about,1
is too much of a plunge,0
"after sitting through this sloppy , made-for-movie comedy special",0
a calculating fiend or just a slippery self-promoter,0
"romeo and juliet/west side story territory , where it plainly has no business going",0
top-heavy,0
something must have been lost in the translation .,0
is sufficiently funny to amuse even the most resolutely unreligious parents who escort their little ones to megaplex screenings .,1
"slack and uninspired , and peopled mainly by characters so unsympathetic that you 're left with a sour taste in your mouth",0
actresses ( and one academy award winning actor ) succumb to appearing in this junk that 's tv sitcom material at best,0
just not a thrilling movie,0
shimmeringly lovely,1
why is this so boring ?,0
has little clue about either the nature of women or of friendship,0
too bland and fustily tasteful to be truly prurient .,0
icily brilliant,1
stunningly,1
he makes you realize that deep inside righteousness can be found a tough beauty .,1
that underscore the importance of family tradition and familial community,1
"stupid ,",0
as do the girls ' amusing personalities,1
"cruel , misanthropic stuff with only weak claims to surrealism and black comedy",0
thrown every suspenseful cliché in the book,0
"to create characters who are sweet and believable , and are defeated by a screenplay that forces them into bizarre , implausible behavior",0
the 50-something lovebirds are too immature and unappealing to care about .,0
"it 's a setup so easy it borders on facile ,",0
to sit through than most of jaglom 's self-conscious and gratingly irritating films,0
are limited and so embellished by editing that there 's really not much of a sense of action or even action-comedy .,0
"with terrific computer graphics , inventive action sequences and a droll sense of humor",1
"to say that it does n't follow the stale , standard , connect-the-dots storyline which has become commonplace in movies that explore the seamy underbelly of the criminal world",1
gangster no. 1 drips,0
kooky and overeager,0
comes off as insultingly simplistic,0
trouble every day is a success in some sense,1
a jackie chan movie,1
the stars,1
less a movie,0
be swept away by the sheer beauty of his images,1
seems hopelessly juvenile,0
anachronistic quick edits and,1
paints a grand picture of an era and,1
a canny crowd pleaser,1
special effects that run the gamut from cheesy to cheesier to cheesiest,0
catches you up in something bigger than yourself,1
stick figures reading lines from a teleprompter,0
sensual and funny,1
caught up in an intricate plot,1
will not be able to stomach so much tongue-in-cheek weirdness,0
"with seriously dumb characters , which somewhat dilutes the pleasure of watching them",0
"has a delightfully dour , deadpan tone and stylistic consistency .",1
does n't have anything really interesting to say,0
street-smart,1
riding with the inherent absurdity of ganesh 's rise up the social ladder,0
's worth the price of admission for the ridicule factor alone,1
touches the heart and the funnybone thanks to the energetic and always surprising performance by rachel griffiths,1
most ardent,1
is a superior horror flick .,1
a major waste,0
a big splash,1
good-natured,1
that is more accurate than anything i have seen in an american film,1
cliche pileup,0
to be significantly different ( and better ) than most films with this theme,1
falls apart like a cheap lawn chair,0
this flat effort,0
though the film is well-intentioned,1
which somehow snagged an oscar nomination,0
a major director,1
in too many conflicts,0
never clearly defines his characters or,0
wives are worse,0
for drawing wrenching performances from his actors ( improvised over many months ) and for conveying the way tiny acts of kindness make ordinary life survivable,1
appeals to me,1
with an admirably dark first script by brent hanley,1
weighs no more than a glass of flat champagne,0
close to being the barn-burningly bad movie it promised it would be,0
that may make you hate yourself for giving in,0
"love a disney pic with as little cleavage as this one has , and a heroine as feisty and principled as jane",1
only because the cast is so engagingly messing around like slob city reductions of damon runyon crooks,0
drop your jaw,1
"director lee has a true cinematic knack , but it 's also nice to see a movie with its heart so thoroughly , unabashedly on its sleeve .",1
a frustrating patchwork :,0
"the film reminds me of a vastly improved germanic version of my big fat greek wedding -- with better characters , some genuine quirkiness and at least a measure of style .",1
more propaganda,0
frustration,0
thanks to the presence,1
a remarkable piece of filmmaking,1
"smart , compelling drama",1
's a feel-good movie about which you can actually feel good .,1
was written for no one,0
"so intensely , but with restraint",1
grabs you in the dark and shakes you vigorously for its duration,1
"this is n't exactly profound cinema , but it 's good-natured and sometimes quite funny .",1
it 's inauthentic at its core,0
"exalts the marxian dream of honest working folk ,",1
one-sided,0
a student film,1
's just plain lurid when it is n't downright silly .,0
strained caper movies that 's hardly any fun to watch,0
own preciousness,1
impersonal,0
us all,1
of dramatic interest,1
could be any flatter,0
revigorates,1
still show virtually no understanding of it,0
writer / director m. night shyamalan 's ability to pull together easily accessible stories that resonate with profundity is undeniable .,1
is as appalling as any ` comedy ' to ever spill from a projector 's lens,0
where the upbeat ending feels like a copout,0
you 're in luck .,1
"leigh is n't breaking new ground , but he knows how a daily grind can kill love",1
"watching war photographer , you come to believe that nachtwey hates the wars he shows and empathizes with the victims he reveals .",1
"'s both degrading and strangely liberating to see people working so hard at leading lives of sexy intrigue , only to be revealed by the dispassionate gantz brothers as ordinary , pasty lumpen",1
teen-sleaze equivalent,0
a gentle and engrossing character study .,1
highly engaging .,1
one of the best love stories of any stripe,1
seems too simple and the working out of the plot almost arbitrary,0
another key contribution,1
"snapping it might have held my attention , but as it stands i",0
"will be a thoughtful , emotional movie experience",1
nothing short of a travesty of a transvestite comedy,0
fall prey to a boatload of screenwriting cliches that sink it faster than a leaky freighter,0
's always enthralling .,1
a medium-grade network sitcom --,0
descends into such message-mongering moralism,0
"of the bride 's humor is born out of an engaging storyline , which also is n't embarrassed to make you reach for the tissues .",1
who manages to blast even the smallest sensitivities from the romance with his clamorous approach,0
a great shame that such a talented director as chen kaige has chosen to make his english-language debut with a film,0
"lack depth or complexity , with the ironic exception of scooter .",0
"writing , skewed characters , and the title performance by kieran culkin",0
of 2-day old coke,0
time frame right,1
minor film,0
two bodies and hardly a laugh between them,0
's never a dull moment in the giant spider invasion comic chiller,1
kill the effect,0
ah-nuld 's action hero days might be over .,0
comes from the heart,1
-- elegant technology for the masses --,1
crap like this,0
"when one hears harry shearer is going to make his debut as a film director , one would hope for the best",1
a true,1
adventures,1
very lively dream,1
"it pays earnest homage to turntablists and beat jugglers , old schoolers and current innovators",1
direct-to-video/dvd category,0
"a vivid , sometimes surreal",1
anonymous chiller,1
long and eventful,1
may have many agendas,1
the glorious chicanery and self-delusion of this most american of businesses,1
becomes a part of its fun,1
inane ramblings,0
"faster , livelier and a good deal funnier than his original",1
"it looks like an action movie , but it 's so poorly made , on all levels , that it does n't even qualify as a spoof of such",0
"... a vivid , thoughtful , unapologetically raw coming-of-age tale full of sex , drugs and rock 'n' roll .",1
"its flabbergasting principals , 14-year-old robert macnaughton , 6-year-old drew barrymore and 10-year-old henry thomas , convince us of the existence of the wise , wizened visitor from a faraway planet",1
nohe 's documentary about the event is sympathetic without being gullible,1
knocks it flat,0
succeeds where its recent predecessor miserably,1
"deliver awe-inspiring , at times sublime , visuals",1
suffers from its timid parsing of the barn-side target of sons trying to breach gaps in their relationships with their fathers .,0
body humor and reinforcement,1
a joint promotion for the national basketball association and,1
the film is way too full of itself ; it 's stuffy and pretentious in a give-me-an-oscar kind of way,0
none of them are ever any good,0
murder hits and generally sustains a higher plateau with bullock 's memorable first interrogation of gosling .,1
makes up for in heart what it lacks in outright newness,1
a fairly harmless but ultimately lifeless feature-length afterschool special .,0
hotter-two-years-ago rap and r&b names and references,0
"the story is lacking any real emotional impact , and",0
inhuman,0
"ice cube is n't quite out of ripe screwball ideas , but friday after next spreads them pretty thin",0
brutal and funny,1
could become a historically significant work as well as a masterfully made one,1
"claire is a terrific role for someone like judd , who really ought to be playing villains .",1
"a subtle , humorous , illuminating study of politics , power and social mobility .",1
are too cute,1
the heat of the moment,1
"( lin chung 's ) voice is rather unexceptional , even irritating ( at least to this western ear ) , making it awfully hard to buy the impetus for the complicated love triangle that develops between the three central characters .",0
too dry and too placid,0
to the flowering of the south korean cinema,1
", it comes to life in the performances .",1
hurts,0
made nature film and a tribute to a woman whose passion for this region and its inhabitants still shines in her quiet blue eyes .,1
the forced new jersey lowbrow accent uma,0
to much more than trite observations on the human condition,0
be awed by the power and grace of one of the greatest natural sportsmen of modern times,1
of a film that are still looking for a common through-line,0
surrounds herself with a company of strictly a-list players,1
momentum and its position remains mostly undeterminable,0
strangely comes off as a kingdom more mild than wild .,1
horns and halos benefits from serendipity but also reminds us of our own responsibility to question what is told as the truth .,1
"video , and so devoid of artifice and purpose",0
", clumsily staged violence overshadows everything , including most of the actors .",0
there is no foundation for it,0
rollicking dark humor,1
plays like one of those conversations that comic book guy on `` the simpsons '' has .,0
liked sometimes,1
overrun modern-day comedies,0
"is truly funny , playing a kind of ghandi gone bad .",1
"an honest , sensitive story from a vietnamese point of view .",1
fun to watch,1
loosely-connected string,0
mad,0
the transporter bombards the viewer with so many explosions and side snap kicks that it ends up being surprisingly dull .,0
more forced than usual,0
a confusing melange,0
a dullard,0
"it all was , and started doing nothing but reacting to it - feeling a part of its grand locations , thinking urgently as the protagonists struggled , feeling at the mercy of its inventiveness , gasping at its visual delights",1
the piece works,1
had been developed with more care,1
message-mongering moralism,0
"if disingenuous ,",0
for the quirky,1
this is one of the biggest disappointments of the year .,0
there are laughs aplenty,1
of nothing at the core of this slight coming-of-age/coming-out tale,0
cranky,0
by mediocrity,0
is a successful one .,1
like all four of the lead actors a lot,1
"is n't a product of its cinematic predecessors so much as an mtv , sugar hysteria , and playstation cocktail",0
vulgar dialogue and,0
", ghost ship is pretty landbound , with its leaden acting , dull exposition and telegraphed ` surprises . '",0
"that will be seen to better advantage on cable , especially considering its barely",0
"'s a movie that ends with truckzilla , for cryin ' out loud",0
"'s sharply comic and surprisingly touching ,",1
beautiful images and solemn words,1
"is solid , satisfying fare for adults .",1
sordid and,0
for all audiences,1
"an entertaining british hybrid of comedy , caper thrills and quirky romance",1
to a few rather than dozens,0
strong themes,1
"will no doubt rally to its cause , trotting out threadbare standbys like ` masterpiece ' and ` triumph ' and all that malarkey , but",0
"is an exercise in chilling style , and twohy films the sub , inside and out , with an eye on preserving a sense of mystery .",1
it comes off as annoying rather than charming,0
are required to balance all the formulaic equations in the long-winded heist comedy who is cletis tout ?,0
its empty head,0
"daringly perceptive , taut , piercing and feisty",1
shooting itself in the foot,0
freshness,1
you actually buy into,1
"assumes that not only would subtlety be lost on the target audience , but that it 's also too stupid to realize that they 've already seen this exact same movie a hundred times",0
phoned-in business as usual .,0
in the art of impossible disappearing/reappearing acts,1
"payami graphically illustrates the problems of fledgling democracies , but also the strength and sense of freedom the iranian people already possess , with or without access to the ballot box .",1
liberal doses,0
quite enough of them,1
"this is rote spookiness , with nary an original idea ( or role , or edit , or score , or anything , really ) in sight",0
the following things are not at all entertaining :,0
"the three leads produce adequate performances , but what 's missing from this material is any depth of feeling",0
"a stirring , funny and",1
heart-warming,1
unrecoverable life,0
low on both suspense and payoff,0
"of those crass , contrived sequels that not only fails on its own , but makes you second-guess your affection for the original",0
its share of belly laughs ( including a knockout of a closing line ),1
carries us effortlessly from darkness,1
he 's spiffing up leftovers that are n't so substantial or fresh,0
"in an era where big stars and high production values are standard procedure , narc strikes a defiantly retro chord , and outpaces its contemporaries with daring and verve .",1
"i liked about schmidt a lot , but i have a feeling that i would have liked it much more if harry & tonto never existed .",1
spot on,1
will be from unintentional giggles -- several of them .,0
true for being so hot-blooded,1
working from a surprisingly sensitive script co-written by gianni romoli,1
coming-of-age theme,1
a young robert deniro,1
makes all the difference .,1
that would make it the darling of many a kids-and-family-oriented cable channel,1
stages his gags as assaults on america 's knee-jerk moral sanctimony,0
to winger fans who have missed her since 1995 's forget paris,1
really need a remake of `` charade,1
gets full mileage out,1
good poetry,1
the cinematic equivalent of high humidity,0
"clotted with heavy-handed symbolism , dime-store psychology and endless scenic shots that make 105 minutes seem twice as long",0
exudes the fizz of a busby berkeley musical and the visceral excitement of a sports extravaganza .,1
a `` snl '' has-been acting like an 8-year-old channeling roberto benigni,0
tries its best,1
any attempts at nuance given by the capable cast is drowned out by director jon purdy 's sledgehammer sap .,0
"only improves on it , with terrific computer graphics , inventive action sequences and a droll sense of humor",1
the ` true story ' by which all the queen 's men is allegedly `` inspired '' was a lot funnier and more deftly enacted than what 's been cobbled together onscreen,0
"a worthy addition to the cinematic canon , which , at last count , numbered 52 different versions .",1
nasty,0
a positively thrilling combination,1
by flashes of mordant humor,1
the characters are intriguing and realistic,1
may have been born to make,1
are entitled to take a deep bow for fashioning an engrossing entertainment out of an almost sure-fire prescription for a critical and commercial disaster,1
that he 's spiffing up leftovers that are n't so substantial or fresh,0
about the best thing you could say about narc is that it 's a rock-solid little genre picture .,1
tested by bad luck and their own immaturity,0
has already appeared in one forum or another,0
never rises above mediocrity,0
touching melodrama,1
defend himself,1
"and it sees those relationships , including that between the son and his wife , and the wife and the father , and between the two brothers , with incredible subtlety and acumen .",1
is a particularly vexing handicap,0
"directed with purpose and finesse by england 's roger mitchell , who handily makes the move from pleasing , relatively lightweight commercial fare such as notting hill to commercial fare with real thematic heft .",1
a real howler,1
so many explosions,1
some delightful work,1
"grows as dull as its characters , about whose fate it is hard to care .",0
check this one out,1
a marvel of production design .,1
becalmed,1
my mind,1
of four englishmen facing the prospect of their own mortality,0
will enjoy themselves .,1
"'s super - violent , super-serious and super-stupid .",0
spain,1
have that same option to slap her creators because they 're clueless and inept,0
tossed in,1
bind us,0
decent popcorn adventure,1
"`` bad '' is the operative word for `` bad company , ''",0
quietly vulnerable,1
"the proficient , dull sorvino",0
stock clichés,0
just die already,0
probes in a light-hearted way the romantic problems,1
"at the diverse , marvelously twisted shapes history has taken",1
for two directors with far less endearing disabilities,0
callow rich boy,0
the concept is a hoot .,1
if you do n't understand what on earth is going on,0
this often-hilarious farce,1
is likely to find compelling,1
as bad,0
"appalling , shamelessly manipulative and contrived , and totally lacking in conviction",0
love story,1
"in the wrong hands , i.e. peploe 's , it 's simply unbearable",0
makes up for with its heart,1
gussied up with so many distracting special effects and visual party tricks that it 's not clear whether we 're supposed to shriek or laugh .,0
has the thrown-together feel of a summer-camp talent show : hastily written,0
"too much of storytelling moves away from solondz 's social critique , casting its audience as that of intellectual lector in contemplation of the auteur 's professional injuries .",0
see this turd squashed,0
"... an often intense character study about fathers and sons , loyalty and duty .",1
is only so much baked cardboard i need to chew .,0
nair 's cast is so large it 's altman-esque,1
is an enjoyable big movie primarily because australia is a weirdly beautiful place,1
deny its seriousness and quality,0
just plain dumb,0
achieve a shock-you-into-laughter intensity of almost dadaist proportions,1
with the surface histrionics failing to compensate for the paper-thin characterizations and facile situations,0
need to be invented to describe exactly how bad it is .,0
"written , flatly , by david kendall and",0
"has a lot to do with the casting of juliette binoche as sand , who brings to the role her pale , dark beauty and characteristic warmth",1
"the actors ' perfect comic timing and sweet , genuine chemistry",1
the plot seems a bit on the skinny side,0
phoney-feeling,0
for the heart as well as the mind,1
face arrest 15 years after their crime,0
the film runs on a little longer than it needs to -- muccino either does n't notice when his story ends or just ca n't tear himself away from the characters --,0
become a major-league leading lady,1
"is no doubt true , but serves as a rather thin moral to such a knowing fable",0
"hashiguchi covers this territory with wit and originality , suggesting that with his fourth feature -- the first to be released in the u.s.",1
amusing characters,1
"( davis ) wants to cause his audience an epiphany , yet he refuses to give us real situations and characters .",0
handed down from the movie gods,1
inexcusable,0
"the case for a strong education and good teachers being more valuable in the way they help increase an average student 's self-esteem , and not strictly in the knowledge imparted",1
"'s a terrible movie in every regard , and",0
have been readily dismissed as the tiresome rant of an aging filmmaker still thumbing his nose at convention,0
"it 's also a -- dare i say it twice -- delightfully charming -- and totally american , i might add -- slice of comedic bliss .",1
place most of the psychological and philosophical material in italics,0
a feature debut that is fully formed and remarkably assured,1
nudity,0
's a frankenstein-monster of a film that does n't know what it wants to be,0
is the kind of movie that gets a quick release before real contenders arrive in september,0
was worse . '',0
acumen,1
a feel-good movie about which you can actually feel good,1
without oppressive,1
rotten in almost every single facet of production,0
no amount of imagination,0
"are strong , though the subject matter demands acting that borders on hammy at times",1
"predominantly amateur cast is painful to watch , so stilted and unconvincing",0
you have figured out the con and the players in this debut film by argentine director fabian bielinsky,1
subject as monstrous and pathetic as dahmer,0
"the , yes , snail-like pacing and",0
faltering half-step,0
a lovely film,1
"relies less on forced air than on petter næss ' delicate , clever direction ... and a wonderful , imaginative script by axel hellstenius .",1
resonant gem,1
disease-of-the-week small-screen melodramas,0
pitch-perfect holden,1
"if ever such a dependable concept was botched in execution , this is it .",0
its questionable satirical ambivalence,0
gets a lot of flavor and spice into his charade remake,1
charming 2000 debut shanghai noon,1
"burning , blasting , stabbing",0
stretched over the nearly 80-minute running time,0
"-- drama , conflict , tears and surprise --",1
own ambitious goals,1
struggling to create,0
of the best of a growing strain of daring films,1
"slow , uneventful",0
"off with an inauspicious premise , mopes through a dreary tract of virtually plotless meanderings and then ends with a whimper .",0
it wears out its welcome as tryingly as the title character .,0
"inescapably gorgeous ,",1
"its exquisite acting , inventive screenplay , mesmerizing music , and",1
to see how many times they can work the words `` radical '' or `` suck '' into a sentence,0
"( soderbergh ) tends to place most of the psychological and philosophical material in italics rather than trust an audience 's intelligence , and",0
accumulated enjoyment,1
lingering death,0
has some of the funniest jokes of any movie,1
utter mush ...,0
"béart and berling are both superb , while huppert ... is magnificent .",1
dramatic interest,1
leave the theater,0
blazing,1
-- as long as you 're wearing the somewhat cumbersome 3d goggles,0
so desperate for attention it nearly breaks its little neck trying to perform entertaining tricks,0
that are damned in queen of the damned,0
is the opposite of a truly magical movie,0
thoroughly enjoyable,1
"makes minority report necessary viewing for sci-fi fans , as the film has some of the best special effects ever",1
poorly written,0
"a very compelling , sensitive , intelligent and almost cohesive piece of film entertainment",1
about a couple of saps stuck in an inarticulate screenplay,0
beautifully,1
"is a happy , heady jumble of thought and storytelling , an insane comic undertaking that ultimately coheres into a sane and breathtakingly creative film .",1
something of a public service,1
", the dialogue sounds like horrible poetry .",0
in this colorful bio-pic of a mexican icon,1
as clear and reliable an authority on that,1
sleek and arty,1
a coherent rhythm,1
-- a straight guy has to dress up in drag --,0
"features nonsensical and laughable plotting , wooden performances",0
"running on empty , repeating what he 's already done way too often",0
"flows forwards and back , weaving themes among three strands which allow us to view events as if through a prism",1
top-billed star bruce willis,1
added clout,1
"the movie should win the band a few new converts , too",1
boyd 's screenplay ( co-written with guardian hack nick davies ) has a florid turn of phrase that owes more to guy ritchie than the bard of avon .,0
artsy and often pointless,0
undermines the possibility for an exploration of the thornier aspects of the nature/nurture argument in regards to homosexuality,0
strained caper movies that 's hardly any fun to watch and,0
was n't just bad,0
has something interesting to say,1
"failing , ultimately , to make something bigger out of its scrapbook of oddballs",0
a rating of zero,0
for almost the first two-thirds of martin scorsese 's 168-minute gangs of new york,1
lustrous polished visuals,1
highly uneven and inconsistent ... margarita happy hour kinda resembles the el cheapo margaritas served within .,0
based filmmakers anne de marcken and marilyn freeman did just that and it 's what makes their project so interesting,1
"an interesting topic , some intriguing characters and a sad ending",1
its appeal,1
such an engrossing story that will capture the minds and hearts of many,1
tie together beautifully,1
is disappointingly generic .,0
more experimental in its storytelling,1
making it relatively effortless to read and follow the action at the same time,1
common sense,1
a dungpile,0
one hour photo is a sobering meditation on why we take pictures .,1
"the mothman prophecies , which is mostly a bore",0
being simpleminded,0
a sense of action,1
bland songs,0
"elling '' manages to do all three quite well , making it one of the year 's most enjoyable releases",1
"for a depressing story that throws a bunch of hot-button items in the viewer 's face and asks to be seen as hip , winking social commentary",0
"i thought the relationships were wonderful , the comedy was funny , and the love ` real '",1
spaces,1
"woven together handsomely , recalling sixties ' rockumentary milestones from lonely boy to do n't look back .",1
"human experience -- drama , conflict , tears and surprise -- that it transcends the normal divisions between fiction and nonfiction film",1
", this is the one .",1
"will undoubtedly play well in european markets , where mr. besson is a brand name , and in asia , where ms. shu is an institution , but american audiences will probably find it familiar and insufficiently cathartic",0
great material,1
does n't quite know how to fill a frame .,0
first-time director joão pedro rodrigues ' unwillingness to define his hero 's background or motivations,0
"a caffeinated , sloppy brilliance ,",1
mean-spirited,0
the weight of water comes to resemble the kind of soft-core twaddle you 'd expect to see on showtime 's ` red shoe diaries . ',0
seeing because it 's so bad,0
back to a time when movies had more to do with imagination than market research .,1
a heartfelt romance,1
it is definitely worth seeing .,1
any of the signposts,0
solo,1
this is classic nowheresville in every sense,0
how first-time director kevin donovan managed to find something new to add to the canon of chan,1
sincere acting,1
straight-shooting family film,1
evokes the bottom tier of blaxploitation flicks from the 1970s .,0
the old mib label stands for milder is n't better .,0
having been recycled more times than i 'd care to count,0
"for a movie that tries to be smart , it 's kinda dumb .",0
it 's hardly watchable,0
like a typical bible killer story,0
although some viewers will not be able to stomach so much tongue-in-cheek weirdness,0
"seagal ran out of movies years ago ,",0
rescue brown sugar from the curse of blandness,0
unfaithful is at once intimate and universal cinema .,1
her agreeably startling use of close-ups,1
corny sentimentality,0
"a divine monument to a single man 's struggle to regain his life , his dignity and his music",1
to wait for the video,0
lethally dull,0
"a baffling subplot involving smuggling drugs inside danish cows falls flat , and if you 're going to alter the bard 's ending , you 'd better have a good alternative",0
unbelievable,1
find it more than capable of rewarding them,1
landmark as monumental as disney 's 1937 breakthrough snow white and the seven dwarfs,1
overlong,0
"the characterizations and dialogue lack depth or complexity , with the ironic exception of scooter .",0
there is truth here,1
"nobody seems to have cared much about any aspect of it , from its cheesy screenplay to the grayish quality of its lighting to its last-minute , haphazard theatrical release .",0
"a stylish but steady , and ultimately very satisfying , piece of character-driven storytelling",1
repetitious,0
", irredeemably awful .",0
good theatre,1
generous and,1
a terrific performance in this fascinating portrait of a modern lothario,1
"makes the silly spy vs. spy film the sum of all fears , starring ben affleck , seem downright hitchcockian",0
", reverent , and subtly different",1
parker exposes the limitations of his skill and the basic flaws in his vision . ',0
"does n't end up having much that is fresh to say about growing up catholic or , really , anything .",0
spider-man,1
the film operates nicely off the element of surprise,1
", windtalkers seems to have ransacked every old world war ii movie for overly familiar material .",0
", in praise of love lacks even the most fragmented charms i have found in almost all of his previous works .",0
a literary detective story is still a detective story and aficionados of the whodunit wo n't be disappointed,1
lived in a state of quiet desperation,0
"by the cast members , who seem bound and determined to duplicate bela lugosi 's now-cliched vampire accent",0
", the film has in kieran culkin a pitch-perfect holden .",1
daring and beautifully made,1
"seen through the right eyes , with the right actors and with the kind of visual flair that shows what great cinema can really do .",1
one moment,1
's much to recommend the film .,1
glides gracefully from male persona to female without missing a beat,1
have sprung from such a great one,1
"with such a buoyant , expressive flow of images",1
give i am trying to break your heart an attraction it desperately needed,0
episode ii -- attack of the clones is a technological exercise that lacks juice and delight .,0
is n't a new idea,0
"maybe not a classic , but a movie the kids will want to see over and over again .",1
"is a beautiful , aching sadness to it all",1
feels at odds with the rest of the film .,0
by its end offers a ray of hope to the refugees able to look ahead and resist living in a past,1
"as far as art is concerned , it 's mission accomplished",1
sentimentalized,0
"a movie filled with unlikable , spiteful idiots",0
"the creative animation work may not look as fully ` rendered ' as pixar 's industry standard , but it uses lighting effects and innovative backgrounds to an equally impressive degree",1
( a ) devastatingly powerful and astonishingly vivid holocaust drama .,1
"all it amounts to is a mildly funny , sometimes tedious , ultimately insignificant film",0
"resident evil is n't a product of its cinematic predecessors so much as an mtv , sugar hysteria , and playstation cocktail .",0
favor of tradition and warmth,1
a jaw-droppingly beautiful work that upends nearly every cliché,1
funny and human and really,1
offer some modest amusements,1
visually striking,1
'll be white-knuckled and unable to look away,1
warm your heart without making you feel guilty about it,1
so old-fashioned,0
gives everyone,1
on crummy-looking videotape,0
frustrations,0
feel the love,1
is powerful and provocative,1
british comedy,1
a man has made about women since valley of the dolls,1
are likely to be as heartily sick of mayhem as cage 's war-weary marine,0
in a well-balanced fashion,1
no apparent reason except,0
because of its broad racial insensitivity towards african-americans,0
wander into the dark areas of parent-child relationships,0
the type of dumbed-down exercise in stereotypes that gives the ( teen comedy ),0
", enveloping affection",1
you 've got to admire ... the intensity with which he 's willing to express his convictions,1
farcically bawdy,0
a better satiric target,0
this quality band may pick up new admirers,1
pure disney,1
"leave the same way you came -- a few tasty morsels under your belt , but no new friends",0
a catalyst for the struggle of black manhood in restrictive and chaotic america ...,1
's quaid who anchors the film with his effortless performance and that trademark grin of his -- so perfect for a ballplayer .,1
"goofy , life-affirming moments",1
"a clever and cutting , quick and dirty look at modern living and movie life",1
`` new best friend '',1
living harmoniously,1
how i killed my father compelling,1
dickens ' words and writer-director douglas mcgrath 's even-toned direction,1
and mind-numbing indifference,0
"one of my greatest pictures , drunken master",1
"'s taken one of the world 's most fascinating stories and made it dull , lifeless , and irritating",0
"when he is not more lucratively engaged in the shameless self-caricature of ` analyze this ' ( 1999 ) and ` analyze that , ' promised ( or threatened ) for later this year",0
obscenely bad dark comedy,0
a groundbreaking endeavor,1
time fillers between surf shots,0
a welcome relief from the usual two-dimensional offerings,1
the nature of compassion,1
"most importantly ,",1
exceedingly memorable,1
"dwells on crossing-over mumbo jumbo , manipulative sentimentality , and sappy dialogue .",0
"( jeff 's ) gorgeous ,",1
the history is fascinating ;,1
"anyone who suffers through this film deserves , at the very least , a big box of consolation candy .",0
often-funny drama,1
all will be greek to anyone not predisposed to the movie 's rude and crude humor .,0
great actors hamming it up,1
entertaining tricks,1
overly convenient,0
"the film has an infectious enthusiasm and we 're touched by the film 's conviction that all life centered on that place , that time and that sport",1
", this nasty comedy pokes fun at the same easy targets as other rowdy raunch-fests -- farts , boobs , unmentionables -- without much success .",0
"in such a straightforward , emotionally honest manner that by the end",1
"a wry , affectionate delight .",1
eight legged freaks falls flat as a spoof .,0
"is not show-stoppingly hilarious , but scathingly witty nonetheless .",1
poo,0
children 's ' song,1
made me feel unclean,0
's peppered with false starts and populated by characters who are nearly impossible to care about,0
is so often less,0
fantastically vital,1
's not too bad,1
polanski has found the perfect material with which to address his own world war ii experience in his signature style .,1
", for its eccentric , accident-prone characters , and for the crazy things that keep people going in this crazy life",1
is the case of a pregnant premise being wasted by a script that takes few chances and manages to insult the intelligence of everyone in the audience .,0
the problems,0
overflowing,1
"exists ,",1
probably one of the best since the last waltz,1
is a wonderful thing ;,1
a comedy that swings and jostles to the rhythms of life,1
awful acts,0
will wear thin on all,0
draws you,1
is a small gem,1
of outrageous force and craven concealment,0
trotting out threadbare standbys,0
"like many western action films , this thriller is too loud and thoroughly overbearing",0
"the movie is n't painfully bad , something to be ` fully experienced ' ; it 's just tediously bad , something to be fully forgotten .",0
pay to see it,1
"the effort is sincere and the results are honest ,",1
"during the tuxedo 's 90 minutes of screen time , there is n't one true ` chan moment ' .",0
... it 's robert duvall !,1
this unique and entertaining twist,1
much better documentary,1
it a party worth attending,1
becomes instead a grating endurance test .,0
very least,0
infectious enthusiasm,1
the viewer 's patience with slow pacing and,0
stirs us as well,1
impossible spot,0
"remarkably fuddled about motives and context , which drains it of the dramatic substance that would shake us in our boots ( or cinema seats )",0
wayward teen,1
a riveting story,1
's nothing interesting in unfaithful whatsoever .,0
a fascinating case study of flower-power liberation -- and the price that was paid for it .,1
"k-19 will not go down in the annals of cinema as one of the great submarine stories ,",0
ample,1
"a subtle , humorous , illuminating study",1
"has been overexposed , redolent of a thousand cliches , and",0
in the best possible senses of both those words,1
a fudged opportunity of gigantic proportions,0
manages to string together enough charming moments to work .,1
the grandeur,1
"atrociously , mind-numbingly , indescribably bad movie",0
's because there 's no discernible feeling beneath the chest hair,0
complex portrait of a modern israel that is rarely seen on-screen,1
you 're not fans of the adventues of steve and terri,0
"that he 's going to make a splash even greater than arnold schwarzenegger , jean-claud van damme or steven segal",1
is n't afraid to provoke introspection in both its characters and its audience,1
rock 's stand-up magic,1
